residue #,AA,Buried surface area
Heavy Chain BSAs,,
52,Tyr,1
56,Arg,13
58,Tyr,39
99,Tyr,76
100A,Ala,29
100B,Gly,40
100D,Ser,72
100E,Cys,12
100F,Phe,129
100G,Leu,5
100H,Asn,1
52,Tyr,1
56,Arg,12
58,Tyr,37
99,Tyr,76
100A,Ala,30
100B,Gly,41
100D,Ser,72
100E,Cys,13
100F,Phe,128
100G,Leu,4
100H,Asn,1
52,Tyr,1
56,Arg,13
58,Tyr,39
99,Tyr,76
100,Cys,1
100A,Ala,28
100B,Gly,40
100C,Gly,1
100D,Ser,71
100E,Cys,13
100F,Phe,128
100G,Leu,5
100H,Asn,1
Light Chain BSAs,,
27,Gln,17
30,Ser,9
32,Asn,23
91,Tyr,1
92,His,71
93,Asn,31
94,Trp,67
27,Gln,18
30,Ser,9
32,Asn,24
91,Tyr,1
92,His,69
93,Asn,30
94,Trp,69
27,Gln,17
30,Ser,8
32,Asn,25
91,Tyr,1
92,His,71
93,Asn,31
94,Trp,71
Spike Chain BSAs,,
755,Gln,18
969,Asn,19
971,Gly,10
972,Ala,11
973,Ile,98
974,Ser,10
979,Asp,24
980,Ile,2
982,Ser,56
983,Arg,172
984,Leu,32
985,Asp,62
986,Pro,8
988,Glu,95
991,Val,8
992,Gln,43
995,Arg,7
755,Gln,15
969,Asn,19
971,Gly,10
972,Ala,10
973,Ile,95
974,Ser,11
979,Asp,23
980,Ile,2
982,Ser,57
983,Arg,173
984,Leu,34
985,Asp,61
986,Pro,7
988,Glu,96
991,Val,9
992,Gln,43
995,Arg,7
755,Gln,16
969,Asn,17
971,Gly,10
972,Ala,9
973,Ile,98
974,Ser,10
979,Asp,21
980,Ile,1
982,Ser,57
983,Arg,173
984,Leu,34
985,Asp,61
986,Pro,8
988,Glu,96
991,Val,9
992,Gln,41
995,Arg,7
